{
    "hist2d": [
        [
            9147091,
            928,
            979,
            66
        ],
        [
            502,
            371521,
            23,
            394
        ],
        [
            592,
            129,
            370665,
            328
        ],
        [
            59,
            269,
            168,
            106286
        ]
    ],
    "error_probabilities": [
        0.9900000095367432,
        9.980039976653643e-06,
        9.980039976653643e-06,
        0.009980039671063423
    ],
    "batch_size": 100000,
    "repeats": 100,
    "ler": 0.00044369997340254486
}