{
    "hist2d": [
        [
            8802516,
            545,
            566,
            5
        ],
        [
            547,
            537565,
            17,
            168
        ],
        [
            423,
            18,
            535755,
            247
        ],
        [
            31,
            193,
            233,
            121171
        ]
    ],
    "error_probabilities": [
        0.9900000095367432,
        9.980039976653643e-06,
        9.980039976653643e-06,
        0.009980039671063423
    ],
    "batch_size": 100000,
    "repeats": 100,
    "ler": 0.0002992999798152596
}