{
    "hist2d": [
        [
            9338947,
            4,
            1740,
            0
        ],
        [
            14,
            1221,
            1,
            2
        ],
        [
            2117,
            1,
            655740,
            1
        ],
        [
            2,
            10,
            7,
            193
        ]
    ],
    "error_probabilities": [
        0.9900000095367432,
        9.980039976653643e-06,
        9.980039976653643e-06,
        0.009980039671063423
    ],
    "batch_size": 100000,
    "repeats": 100,
    "ler": 0.00038989997119642794
}