{
    "hist2d": [
        [
            9518861,
            9,
            1796,
            0
        ],
        [
            26,
            808,
            0,
            4
        ],
        [
            3438,
            0,
            474906,
            0
        ],
        [
            8,
            5,
            19,
            120
        ]
    ],
    "error_probabilities": [
        0.9900000095367432,
        9.980039976653643e-06,
        9.980039976653643e-06,
        0.009980039671063423
    ],
    "batch_size": 100000,
    "repeats": 100,
    "ler": 0.0005304999649524689
}