{
    "hist2d": [
        [
            9512058,
            346,
            194,
            7
        ],
        [
            50,
            194114,
            31,
            90
        ],
        [
            71,
            45,
            193785,
            102
        ],
        [
            56,
            64,
            44,
            98943
        ]
    ],
    "error_probabilities": [
        0.9900000095367432,
        9.980039976653643e-06,
        9.980039976653643e-06,
        0.009980039671063423
    ],
    "batch_size": 100000,
    "repeats": 100,
    "ler": 0.00010999999358318746
}