{
    "hist2d": [
        [
            9148429,
            272,
            336,
            27
        ],
        [
            199,
            372138,
            30,
            73
        ],
        [
            474,
            13,
            370967,
            260
        ],
        [
            42,
            154,
            142,
            106444
        ]
    ],
    "error_probabilities": [
        0.9900000095367432,
        9.980039976653643e-06,
        9.980039976653643e-06,
        0.009980039671063423
    ],
    "batch_size": 100000,
    "repeats": 100,
    "ler": 0.00020219998259563
}