{
    "hist2d": [
        [
            9328465,
            138,
            12088,
            0
        ],
        [
            236,
            994,
            2,
            6
        ],
        [
            10874,
            0,
            646982,
            3
        ],
        [
            5,
            9,
            129,
            69
        ]
    ],
    "error_probabilities": [
        0.9900000095367432,
        9.980039976653643e-06,
        9.980039976653643e-06,
        0.009980039671063423
    ],
    "batch_size": 100000,
    "repeats": 100,
    "ler": 0.002348999958485365
}