{
    "hist2d": [
        [
            9703452,
            1214,
            180,
            0
        ],
        [
            1965,
            193142,
            2,
            2
        ],
        [
            165,
            4,
            97742,
            11
        ],
        [
            1,
            63,
            33,
            2024
        ]
    ],
    "error_probabilities": [
        0.9900000095367432,
        9.980039976653643e-06,
        9.980039976653643e-06,
        0.009980039671063423
    ],
    "batch_size": 100000,
    "repeats": 100,
    "ler": 0.00036399997770786285
}