{
    "hist2d": [
        [
            9519144,
            6,
            1516,
            0
        ],
        [
            8,
            821,
            0,
            9
        ],
        [
            2811,
            0,
            475532,
            1
        ],
        [
            0,
            10,
            8,
            134
        ]
    ],
    "error_probabilities": [
        0.9900000095367432,
        9.980039976653643e-06,
        9.980039976653643e-06,
        0.009980039671063423
    ],
    "batch_size": 100000,
    "repeats": 100,
    "ler": 0.00043689997983165085
}