{
    "hist2d": [
        [
            9148317,
            222,
            509,
            16
        ],
        [
            470,
            371529,
            34,
            407
        ],
        [
            191,
            25,
            371385,
            113
        ],
        [
            27,
            61,
            325,
            106369
        ]
    ],
    "error_probabilities": [
        0.9900000095367432,
        9.980039976653643e-06,
        9.980039976653643e-06,
        0.009980039671063423
    ],
    "batch_size": 100000,
    "repeats": 100,
    "ler": 0.00023999999393709004
}