{
    "hist2d": [
        [
            9512109,
            237,
            235,
            24
        ],
        [
            255,
            193965,
            14,
            51
        ],
        [
            267,
            35,
            193664,
            37
        ],
        [
            1,
            32,
            50,
            99024
        ]
    ],
    "error_probabilities": [
        0.9900000095367432,
        9.980039976653643e-06,
        9.980039976653643e-06,
        0.009980039671063423
    ],
    "batch_size": 100000,
    "repeats": 100,
    "ler": 0.00012379999679978937
}