{
    "hist2d": [
        [
            9337813,
            17,
            2861,
            0
        ],
        [
            13,
            1211,
            7,
            7
        ],
        [
            6958,
            2,
            650890,
            9
        ],
        [
            5,
            15,
            11,
            181
        ]
    ],
    "error_probabilities": [
        0.9900000095367432,
        9.980039976653643e-06,
        9.980039976653643e-06,
        0.009980039671063423
    ],
    "batch_size": 100000,
    "repeats": 100,
    "ler": 0.0009904999751597643
}