{
    "hist2d": [
        [
            8802905,
            323,
            396,
            8
        ],
        [
            418,
            537799,
            11,
            69
        ],
        [
            496,
            8,
            535721,
            218
        ],
        [
            39,
            133,
            272,
            121184
        ]
    ],
    "error_probabilities": [
        0.9900000095367432,
        9.980039976653643e-06,
        9.980039976653643e-06,
        0.009980039671063423
    ],
    "batch_size": 100000,
    "repeats": 100,
    "ler": 0.000239099987084046
}