{
    "hist2d": [
        [
            9513952,
            157,
            188,
            1
        ],
        [
            234,
            287771,
            0,
            10
        ],
        [
            117,
            0,
            191673,
            12
        ],
        [
            0,
            19,
            25,
            5841
        ]
    ],
    "error_probabilities": [
        0.9900000095367432,
        9.980039976653643e-06,
        9.980039976653643e-06,
        0.009980039671063423
    ],
    "batch_size": 100000,
    "repeats": 100,
    "ler": 7.6299998909235e-05
}