{
    "hist2d": [
        [
            9148816,
            106,
            132,
            10
        ],
        [
            284,
            372078,
            10,
            68
        ],
        [
            196,
            34,
            371418,
            66
        ],
        [
            31,
            129,
            96,
            106526
        ]
    ],
    "error_probabilities": [
        0.9900000095367432,
        9.980039976653643e-06,
        9.980039976653643e-06,
        0.009980039671063423
    ],
    "batch_size": 100000,
    "repeats": 100,
    "ler": 0.00011619999713730067
}