{
    "hist2d": [
        [
            9143671,
            1714,
            3443,
            236
        ],
        [
            572,
            371315,
            189,
            364
        ],
        [
            937,
            43,
            368521,
            2213
        ],
        [
            39,
            183,
            250,
            106310
        ]
    ],
    "error_probabilities": [
        0.9900000095367432,
        9.980039976653643e-06,
        9.980039976653643e-06,
        0.009980039671063423
    ],
    "batch_size": 100000,
    "repeats": 100,
    "ler": 0.0010182999540120363
}