{
    "hist2d": [
        [
            9703447,
            1218,
            181,
            0
        ],
        [
            1949,
            193158,
            2,
            2
        ],
        [
            152,
            5,
            97753,
            12
        ],
        [
            0,
            39,
            34,
            2048
        ]
    ],
    "error_probabilities": [
        0.9900000095367432,
        9.980039976653643e-06,
        9.980039976653643e-06,
        0.009980039671063423
    ],
    "batch_size": 100000,
    "repeats": 100,
    "ler": 0.0003593999717850238
}