{
    "hist2d": [
        [
            9703230,
            1366,
            248,
            2
        ],
        [
            1950,
            193148,
            4,
            9
        ],
        [
            193,
            28,
            97587,
            114
        ],
        [
            0,
            14,
            69,
            2038
        ]
    ],
    "error_probabilities": [
        0.9900000095367432,
        9.980039976653643e-06,
        9.980039976653643e-06,
        0.009980039671063423
    ],
    "batch_size": 100000,
    "repeats": 100,
    "ler": 0.00039969998761080205
}