{
    "hist2d": [
        [
            9148575,
            162,
            311,
            16
        ],
        [
            147,
            372206,
            16,
            71
        ],
        [
            372,
            17,
            371240,
            85
        ],
        [
            26,
            71,
            142,
            106543
        ]
    ],
    "error_probabilities": [
        0.9900000095367432,
        9.980039976653643e-06,
        9.980039976653643e-06,
        0.009980039671063423
    ],
    "batch_size": 100000,
    "repeats": 100,
    "ler": 0.00014359998749569058
}