{
    "hist2d": [
        [
            9512163,
            241,
            200,
            1
        ],
        [
            259,
            194009,
            3,
            14
        ],
        [
            245,
            2,
            193701,
            55
        ],
        [
            2,
            41,
            59,
            99005
        ]
    ],
    "error_probabilities": [
        0.9900000095367432,
        9.980039976653643e-06,
        9.980039976653643e-06,
        0.009980039671063423
    ],
    "batch_size": 100000,
    "repeats": 100,
    "ler": 0.00011219998850720003
}