{
    "hist2d": [
        [
            9328226,
            258,
            200,
            0
        ],
        [
            315,
            376752,
            0,
            13
        ],
        [
            314,
            0,
            282253,
            18
        ],
        [
            1,
            17,
            15,
            11618
        ]
    ],
    "error_probabilities": [
        0.9900000095367432,
        9.980039976653643e-06,
        9.980039976653643e-06,
        0.009980039671063423
    ],
    "batch_size": 100000,
    "repeats": 100,
    "ler": 0.00011509999603731558
}