{
    "hist2d": [
        [
            8801418,
            565,
            1618,
            31
        ],
        [
            3331,
            534573,
            42,
            351
        ],
        [
            771,
            37,
            535208,
            427
        ],
        [
            28,
            265,
            447,
            120888
        ]
    ],
    "error_probabilities": [
        0.9900000095367432,
        9.980039976653643e-06,
        9.980039976653643e-06,
        0.009980039671063423
    ],
    "batch_size": 100000,
    "repeats": 100,
    "ler": 0.0007912999135442078
}