{
    "hist2d": [
        [
            9512156,
            232,
            188,
            29
        ],
        [
            241,
            194005,
            2,
            37
        ],
        [
            258,
            13,
            193674,
            58
        ],
        [
            2,
            73,
            19,
            99013
        ]
    ],
    "error_probabilities": [
        0.9900000095367432,
        9.980039976653643e-06,
        9.980039976653643e-06,
        0.009980039671063423
    ],
    "batch_size": 100000,
    "repeats": 100,
    "ler": 0.0001151999895228073
}