{
    "hist2d": [
        [
            9512150,
            240,
            195,
            20
        ],
        [
            52,
            194122,
            28,
            83
        ],
        [
            74,
            50,
            193775,
            104
        ],
        [
            31,
            42,
            28,
            99006
        ]
    ],
    "error_probabilities": [
        0.9900000095367432,
        9.980039976653643e-06,
        9.980039976653643e-06,
        0.009980039671063423
    ],
    "batch_size": 100000,
    "repeats": 100,
    "ler": 9.469998622080311e-05
}