{
    "hist2d": [
        [
            9519302,
            0,
            1364,
            0
        ],
        [
            4,
            832,
            1,
            1
        ],
        [
            2780,
            0,
            475563,
            1
        ],
        [
            0,
            8,
            3,
            141
        ]
    ],
    "error_probabilities": [
        0.9900000095367432,
        9.980039976653643e-06,
        9.980039976653643e-06,
        0.009980039671063423
    ],
    "batch_size": 100000,
    "repeats": 100,
    "ler": 0.00041619999683462083
}