{
    "hist2d": [
        [
            9701664,
            0,
            4738,
            0
        ],
        [
            9,
            479,
            0,
            0
        ],
        [
            12674,
            0,
            280331,
            0
        ],
        [
            2,
            9,
            0,
            94
        ]
    ],
    "error_probabilities": [
        0.9900000095367432,
        9.980039976653643e-06,
        9.980039976653643e-06,
        0.009980039671063423
    ],
    "batch_size": 100000,
    "repeats": 100,
    "ler": 0.0017431998858228326
}