{
    "hist2d": [
        [
            9325123,
            1412,
            2147,
            2
        ],
        [
            1748,
            375197,
            9,
            126
        ],
        [
            6309,
            6,
            276075,
            195
        ],
        [
            4,
            194,
            139,
            11314
        ]
    ],
    "error_probabilities": [
        0.9900000095367432,
        9.980039976653643e-06,
        9.980039976653643e-06,
        0.009980039671063423
    ],
    "batch_size": 100000,
    "repeats": 100,
    "ler": 0.0012290999293327332
}