{
    "hist2d": [
        [
            9514032,
            204,
            62,
            0
        ],
        [
            238,
            287772,
            0,
            5
        ],
        [
            124,
            0,
            191672,
            6
        ],
        [
            1,
            10,
            17,
            5857
        ]
    ],
    "error_probabilities": [
        0.9900000095367432,
        9.980039976653643e-06,
        9.980039976653643e-06,
        0.009980039671063423
    ],
    "batch_size": 100000,
    "repeats": 100,
    "ler": 6.669999856967479e-05
}