{
    "hist2d": [
        [
            9328025,
            429,
            230,
            0
        ],
        [
            406,
            376656,
            0,
            18
        ],
        [
            377,
            3,
            282176,
            29
        ],
        [
            0,
            22,
            23,
            11606
        ]
    ],
    "error_probabilities": [
        0.9900000095367432,
        9.980039976653643e-06,
        9.980039976653643e-06,
        0.009980039671063423
    ],
    "batch_size": 100000,
    "repeats": 100,
    "ler": 0.00015369999164249748
}