{
    "hist2d": [
        [
            9513773,
            70,
            6823,
            0
        ],
        [
            10,
            826,
            0,
            2
        ],
        [
            5153,
            0,
            473188,
            3
        ],
        [
            2,
            5,
            9,
            136
        ]
    ],
    "error_probabilities": [
        0.9900000095367432,
        9.980039976653643e-06,
        9.980039976653643e-06,
        0.009980039671063423
    ],
    "batch_size": 100000,
    "repeats": 100,
    "ler": 0.0012076999992132187
}