{
    "hist2d": [
        [
            9511980,
            823,
            1495,
            0
        ],
        [
            383,
            287562,
            7,
            63
        ],
        [
            1120,
            1,
            190524,
            157
        ],
        [
            1,
            58,
            54,
            5772
        ]
    ],
    "error_probabilities": [
        0.9900000095367432,
        9.980039976653643e-06,
        9.980039976653643e-06,
        0.009980039671063423
    ],
    "batch_size": 100000,
    "repeats": 100,
    "ler": 0.0004161999677307904
}