{
    "hist2d": [
        [
            9511836,
            334,
            407,
            28
        ],
        [
            62,
            194055,
            49,
            119
        ],
        [
            29,
            47,
            193808,
            119
        ],
        [
            56,
            24,
            50,
            98977
        ]
    ],
    "error_probabilities": [
        0.9900000095367432,
        9.980039976653643e-06,
        9.980039976653643e-06,
        0.009980039671063423
    ],
    "batch_size": 100000,
    "repeats": 100,
    "ler": 0.0001323999895248562
}