{
    "hist2d": [
        [
            9701657,
            2,
            4743,
            0
        ],
        [
            6,
            481,
            1,
            0
        ],
        [
            12670,
            2,
            280333,
            0
        ],
        [
            1,
            8,
            1,
            95
        ]
    ],
    "error_probabilities": [
        0.9900000095367432,
        9.980039976653643e-06,
        9.980039976653643e-06,
        0.009980039671063423
    ],
    "batch_size": 100000,
    "repeats": 100,
    "ler": 0.0017433998873457313
}