{
    "hist2d": [
        [
            8802714,
            370,
            533,
            15
        ],
        [
            484,
            537699,
            8,
            106
        ],
        [
            431,
            42,
            535655,
            315
        ],
        [
            27,
            181,
            251,
            121169
        ]
    ],
    "error_probabilities": [
        0.9900000095367432,
        9.980039976653643e-06,
        9.980039976653643e-06,
        0.009980039671063423
    ],
    "batch_size": 100000,
    "repeats": 100,
    "ler": 0.0002762999793048948
}