{
    "hist2d": [
        [
            9512143,
            311,
            42,
            109
        ],
        [
            329,
            193892,
            35,
            29
        ],
        [
            4078,
            2,
            188898,
            1025
        ],
        [
            28,
            1917,
            41,
            97121
        ]
    ],
    "error_probabilities": [
        0.9900000095367432,
        9.980039976653643e-06,
        9.980039976653643e-06,
        0.009980039671063423
    ],
    "batch_size": 100000,
    "repeats": 100,
    "ler": 0.0007945999386720359
}