{
    "hist2d": [
        [
            8797769,
            2681,
            2981,
            201
        ],
        [
            3863,
            533504,
            93,
            837
        ],
        [
            1307,
            128,
            534467,
            541
        ],
        [
            168,
            604,
            1305,
            119551
        ]
    ],
    "error_probabilities": [
        0.9900000095367432,
        9.980039976653643e-06,
        9.980039976653643e-06,
        0.009980039671063423
    ],
    "batch_size": 100000,
    "repeats": 100,
    "ler": 0.001470899791456759
}