{
    "hist2d": [
        [
            8789645,
            11874,
            1835,
            278
        ],
        [
            848,
            536832,
            91,
            526
        ],
        [
            3183,
            128,
            531181,
            1951
        ],
        [
            44,
            735,
            1452,
            119397
        ]
    ],
    "error_probabilities": [
        0.9900000095367432,
        9.980039976653643e-06,
        9.980039976653643e-06,
        0.009980039671063423
    ],
    "batch_size": 100000,
    "repeats": 100,
    "ler": 0.0022944998927414417
}