{
    "hist2d": [
        [
            9514054,
            174,
            70,
            0
        ],
        [
            188,
            287819,
            0,
            8
        ],
        [
            164,
            0,
            191624,
            14
        ],
        [
            1,
            14,
            9,
            5861
        ]
    ],
    "error_probabilities": [
        0.9900000095367432,
        9.980039976653643e-06,
        9.980039976653643e-06,
        0.009980039671063423
    ],
    "batch_size": 100000,
    "repeats": 100,
    "ler": 6.420000136131421e-05
}