{
    "hist2d": [
        [
            9512164,
            234,
            184,
            23
        ],
        [
            75,
            194086,
            32,
            92
        ],
        [
            64,
            35,
            193801,
            103
        ],
        [
            41,
            40,
            46,
            98980
        ]
    ],
    "error_probabilities": [
        0.9900000095367432,
        9.980039976653643e-06,
        9.980039976653643e-06,
        0.009980039671063423
    ],
    "batch_size": 100000,
    "repeats": 100,
    "ler": 9.689999569673091e-05
}