{
    "hist2d": [
        [
            9701656,
            4,
            4742,
            0
        ],
        [
            0,
            488,
            0,
            0
        ],
        [
            12671,
            2,
            280332,
            0
        ],
        [
            0,
            8,
            2,
            95
        ]
    ],
    "error_probabilities": [
        0.9900000095367432,
        9.980039976653643e-06,
        9.980039976653643e-06,
        0.009980039671063423
    ],
    "batch_size": 100000,
    "repeats": 100,
    "ler": 0.0017428999999538064
}