{
    "hist2d": [
        [
            9327587,
            466,
            630,
            1
        ],
        [
            635,
            376389,
            1,
            55
        ],
        [
            409,
            1,
            282147,
            28
        ],
        [
            0,
            51,
            35,
            11565
        ]
    ],
    "error_probabilities": [
        0.9900000095367432,
        9.980039976653643e-06,
        9.980039976653643e-06,
        0.009980039671063423
    ],
    "batch_size": 100000,
    "repeats": 100,
    "ler": 0.0002311999851372093
}