{
    "hist2d": [
        [
            9701558,
            98,
            4745,
            1
        ],
        [
            375,
            0,
            5,
            108
        ],
        [
            12672,
            0,
            280333,
            0
        ],
        [
            6,
            0,
            99,
            0
        ]
    ],
    "error_probabilities": [
        0.9900000095367432,
        9.980039976653643e-06,
        9.980039976653643e-06,
        0.009980039671063423
    ],
    "batch_size": 100000,
    "repeats": 100,
    "ler": 0.0018108999356627464
}