{
    "hist2d": [
        [
            9703448,
            1218,
            180,
            0
        ],
        [
            1946,
            193159,
            4,
            2
        ],
        [
            136,
            5,
            97674,
            107
        ],
        [
            0,
            14,
            19,
            2088
        ]
    ],
    "error_probabilities": [
        0.9900000095367432,
        9.980039976653643e-06,
        9.980039976653643e-06,
        0.009980039671063423
    ],
    "batch_size": 100000,
    "repeats": 100,
    "ler": 0.0003630999708548188
}