{
    "hist2d": [
        [
            8802474,
            290,
            859,
            9
        ],
        [
            773,
            537329,
            36,
            159
        ],
        [
            721,
            17,
            535477,
            228
        ],
        [
            78,
            167,
            547,
            120836
        ]
    ],
    "error_probabilities": [
        0.9900000095367432,
        9.980039976653643e-06,
        9.980039976653643e-06,
        0.009980039671063423
    ],
    "batch_size": 100000,
    "repeats": 100,
    "ler": 0.00038839998887851834
}