{
    "hist2d": [
        [
            9148865,
            76,
            110,
            13
        ],
        [
            118,
            372230,
            3,
            89
        ],
        [
            65,
            15,
            371584,
            50
        ],
        [
            6,
            53,
            72,
            106651
        ]
    ],
    "error_probabilities": [
        0.9900000095367432,
        9.980039976653643e-06,
        9.980039976653643e-06,
        0.009980039671063423
    ],
    "batch_size": 100000,
    "repeats": 100,
    "ler": 6.699999357806519e-05
}