{
    "hist2d": [
        [
            9339662,
            6,
            1023,
            0
        ],
        [
            28,
            1203,
            2,
            5
        ],
        [
            1796,
            0,
            656062,
            1
        ],
        [
            2,
            13,
            13,
            184
        ]
    ],
    "error_probabilities": [
        0.9900000095367432,
        9.980039976653643e-06,
        9.980039976653643e-06,
        0.009980039671063423
    ],
    "batch_size": 100000,
    "repeats": 100,
    "ler": 0.0002888999879360199
}