{
    "hist2d": [
        [
            8802711,
            467,
            448,
            6
        ],
        [
            596,
            537526,
            34,
            141
        ],
        [
            511,
            42,
            535687,
            203
        ],
        [
            25,
            244,
            258,
            121101
        ]
    ],
    "error_probabilities": [
        0.9900000095367432,
        9.980039976653643e-06,
        9.980039976653643e-06,
        0.009980039671063423
    ],
    "batch_size": 100000,
    "repeats": 100,
    "ler": 0.00029749999521300197
}