{
    "hist2d": [
        [
            9147971,
            595,
            455,
            43
        ],
        [
            279,
            371961,
            4,
            196
        ],
        [
            374,
            46,
            370055,
            1239
        ],
        [
            29,
            89,
            163,
            106501
        ]
    ],
    "error_probabilities": [
        0.9900000095367432,
        9.980039976653643e-06,
        9.980039976653643e-06,
        0.009980039671063423
    ],
    "batch_size": 100000,
    "repeats": 100,
    "ler": 0.00035119999665766954
}